,index,Naive Bayes,SVM,KNN,Logit,Random Forest,Neural Network,Gradient Boosting,Ada Boosting
0,Google,0.6322188449848024,0.6155015197568389,0.5592705167173252,0.6306990881458967,0.6231003039513677,0.5759878419452887,0.6276595744680851,0.5775075987841946
1,Microsoft,0.6319444444444444,0.6319444444444444,0.49722222222222223,0.6430555555555556,0.6069444444444444,0.5763888888888888,0.6333333333333333,0.6013888888888889
2,Amazon,0.5930555555555556,0.6222222222222222,0.5638888888888889,0.6388888888888888,0.5902777777777778,0.5777777777777777,0.5833333333333334,0.5777777777777777
3,Netflix,0.6231884057971014,0.5507246376811594,0.4927536231884058,0.5217391304347826,0.4927536231884058,0.5507246376811594,0.5652173913043478,0.5652173913043478
4,Apple,0.5847222222222223,0.6083333333333333,0.5444444444444444,0.6277777777777778,0.5833333333333334,0.5847222222222223,0.5902777777777778,0.5486111111111112
5,Facebook,0.7049180327868853,0.7131147540983607,0.5901639344262295,0.680327868852459,0.5737704918032787,0.680327868852459,0.5737704918032787,0.5737704918032787
